name,id,tier,rarity,tech/manufacturer,tags,uiTags,base value,unlocked,hidden,hiddenEverywhere,cost_frigate,cost_dest,cost_cruiser,cost_capital,script,desc,short,sModDesc,sprite
Escudos Acelerados,advancedshieldemitter,0,,,"defensive, shields, merc, standard",Shields,3000,,,,3,6,9,15,data.hullmods.AcceleratedShieldEmitter,Aumenta a taxa de giro dos escudos da nave em %s e a velocidade com que os escudos são ativados em %s.,Increases shield turn rate and extension speed.,Increases the shield's turn rate and raise rate by an additional %s.,graphics/hullmods/accelerated_shields.png
Bobinas de Fase Adaptativas,adaptive_coils,2,,,"phase, merc, standard",Phase,5000,,,,5,10,15,25,com.fs.starfarer.api.impl.hullmods.AdaptivePhaseCoils,"As bobinas de fase têm maior dificuldade em manter uma conexão com o espaço normal conforme os níveis de fluxo rígido da nave aumentam, resultando em uma velocidade máxima drasticamente reduzida à medida que as bobinas lutam para ganhar tração.

Esta modificação permite que as bobinas lidem com níveis mais altos de fluxo rígido, aumentando o limite em que a velocidade atinge o mínimo em %s. Para bobinas de design padrão sem outras modificações, isso eleva o limite de %s para %s.",Reduces impact of hard flux level on top speed while phased.,,graphics/hullmods/phase_field.png
Óptica Avançada,advancedoptics,2,,,"offensive, merc, standard",Weapons,1000,,,,5,10,15,25,data.hullmods.AdvancedOptics,"Estende o alcance das armas de feixe em %s, mas reduz sua taxa de giro em %s. Acumulativo com a Unidade de Alvo Integrada.",Increases beam weapon range.,,graphics/hullmods/advanced_optics.png
Giroscópios de Torre Avançados,turretgyros,0,,,"defensive, merc, standard",Weapons,2500,,,,2,4,6,10,data.hullmods.AdvancedTurretGyros,Aumenta a taxa de giro de todas as torres em %s.,Increases turret turn rate.,Increases damage to missiles and fighters by %s. Increases damage to smaller ships by %s per size class of difference.,graphics/hullmods/advanced_turret_gyros.png
Montagens Blindadas de Armas,armoredweapons,0,,,"defensive, merc, standard","Weapons, Defenses",2500,TRUE,,,3,6,9,15,data.hullmods.ArmoredWeapons,"Aumenta a durabilidade de todas as armas em %s e reduz o recuo em %s, mas diminui a taxa de giro das armas em %s. Também aumenta a blindagem da nave em %s.","Makes weapons harder to disable, reduces recoil.",Increases the rate of fire of all non-missile weapons by %s.,graphics/hullmods/armored_weapon_emplacements.png
Pacote de Assalto,assault_package,1,,,"defensive, civ_package, no_drop, no_drop_salvage, hide_in_codex","Special, Defenses",8000,,,,3,6,9,15,com.fs.starfarer.api.impl.hullmods.AssaultPackage,"Aumenta a integridade do casco da nave em %s, a blindagem em %s e a capacidade de fluxo em %s.

Tentará engajar inimigos e, caso contrário, agirá como uma nave de combate em batalha.","Increases hull integrity, armor, and flux capacity.",,graphics/hullmods/assault_package.png
Unidade de Reparo Automatizada,autorepair,2,,,"engines, defensive, merc, standard",Defenses,7500,,,,3,6,9,15,data.hullmods.AutomatedRepairUnit,Reduz o tempo necessário para reparar armas e motores desativados (em combate) em %s.,Increases weapon repair rate in combat.,"Reduces repair time to %s, and reduces overload duration by %s.",graphics/hullmods/automated_repair_unit.png
Propulsores Auxiliares,auxiliarythrusters,1,,,"engines, merc, standard",Engines,5000,TRUE,,,4,8,12,20,data.hullmods.AuxiliaryThrusters,Aumenta a manobrabilidade da nave em %s.,Increases maneuverability.,"Increases the 0-flux speed boost by %s, and %s the 0-flux turn rate bonus.",graphics/hullmods/auxilliary_thrusters.png
Telemetria Balística,ballistic_rangefinder,2,,,"offensive, merc, standard",Weapons,8000,,,,5,10,15,25,com.fs.starfarer.api.impl.hullmods.BallisticRangefinder,<tooltip criado no script devido a muitas marcações>,Increases base range of small and medium weapons in ballisic slots.,,graphics/hullmods/ballistic_rangefinder.png
Portas Blindadas,blast_doors,0,,,"defensive, merc, standard",Defenses,2500,TRUE,,,4,8,12,20,data.hullmods.BlastDoors,"Instala portas herméticas e altamente reforçadas em pontos críticos da nave. Aumenta a integridade do casco em %s.

A nave sofre %s menos baixas na tripulação devido a danos no casco sofridos em combate.","Increases hull integrity, reduces crew casualties.",Increases the crew casualty reduction to %s.,graphics/hullmods/blast_doors.png
Hangar Convertido,converted_hangar,1,,,"special, non_phase, merc, standard",Fighters,5000,,,,0,10,10,10,com.fs.starfarer.api.impl.hullmods.ConvertedHangar,<Tooltip criado no script>,Improvised fighter bay for non-carriers.,"Increases the rate at which the fighter replacement rate recovers by %s for cruisers, and by %s for capital ships. No added effect for destroyers.",graphics/hullmods/converted_hangar.png
Baía de Caças Convertida,converted_fighterbay,0,,,"req_spaceport, special, non_phase, standard","Fighters, Logistics, Requires Dock",3000,,,,2,4,6,10,data.hullmods.ConvertedFighterBay,"Converte as baías de caças da nave que abrigam alas integradas em porões de carga improvisados, fornecendo uma capacidade adicional de carga de %s e reduzindo suas necessidades de tripulação em %s por baía de caças. A redução de tripulação é limitada a um máximo de %s.",Converts built-in fighter bays into improvised cargo holds.,Monthly maintenance cost reduced by %s per fighter bay.,graphics/hullmods/converted_fighter_bay.png
Núcleo de Alvo Dedicado,dedicated_targeting_core,0,,,"offensive, merc, standard",Weapons,2500,TRUE,,,0,0,15,25,data.hullmods.DedicatedTargetingCore,"Aumenta o alcance das armas balísticas e de energia em %s/%s para cruzadores/naves capitais.

Não pode ser instalado em uma fragata ou um destruidor, e não pode funcionar em conjunto com a Unidade de Alvo Integrada.

A maioria das naves de combate instala ou uma Unidade de Alvo Integrada ou um Núcleo de Alvo Dedicado, com exceção de variantes mais especializadas.","Increases weapon range, more so for larger ships.",Increases the range bonus to %s for cruisers and %s for capital ships.,graphics/hullmods/targeting_core.png
Matriz de Alvo Defensiva,defensive_targeting_array,2,,,"special, merc, standard",Fighters,3000,,,,2,4,6,10,com.fs.starfarer.api.impl.hullmods.DefensiveTargetingArray,"Os links de comunicação padrão dos caças são reutilizados para fornecer dados de alvo de curto alcance.

Aumenta o dano dos caças contra mísseis e outros caças em %s, mas impede que os caças se afastem da nave.","Increases fighter PD damage, reduces fighter roam range to zero.",Extends range of ballistic and energy weapons of the ship's fighters by %s units.,graphics/hullmods/defensive_targeting_array.png
Pacote ECCM,eccm,2,,,"offensive, defensive, merc, standard",Weapons,2500,,,,5,8,15,20,data.hullmods.ECCMPackage,"Reduz a chance de mísseis lançados pela nave serem afetados por contramedidas eletrônicas e flares em %s.

Um núcleo de CPU adicional em cada míssil aumenta a velocidade máxima do míssil em %s e a manobrabilidade em %s, além de melhorar significativamente o algoritmo de guiagem.

Também reduz a redução do alcance das armas devido a ECM inimiga em %s.","Improves missile speed and guidance, reduces effect of enemy Electronic Warfare.","Fully negates the weapon range reduction, and makes the ship's missiles always ignore flares.",graphics/hullmods/eccm_package.png
Pacote de ECM,ecm,2,,,"offensive, special, merc, standard","Weapons, Support",4000,,,,6,12,18,24,com.fs.starfarer.api.impl.hullmods.ECMPackage,"Ao ser implantado em combate, concede classificação de ECM de %s/%s/%s/%s, dependendo do tamanho do casco desta nave.",Increases ship's ECM rating.,,graphics/hullmods/ecm_package.png
Pacote de Escolta,escort_package,1,,,"special, weapons, engines, standard","Special, Weapons, Engines",8000,,,,0,7,15,0,com.fs.starfarer.api.impl.hullmods.EscortPackage,"Quando esta nave está a aproximadamente %s su de uma nave amiga maior, aumenta a manobrabilidade desta nave em %s e a velocidade máxima em %s. Também aumenta o alcance de armas balísticas e de energia em %s.

Esses bônus são %s para destruidores quando a nave amiga próxima é uma nave capital.","Increases maneuverability, top speed, and weapon range when near larger friendly ship.",Destroyers: reduces the amount of damage taken by shields by %s. No added effect for cruisers.,graphics/hullmods/escort_package.png
Tripulação de Convés Expandida,expanded_deck_crew,1,,,"special, merc, standard",Fighters,4000,,,,5,10,15,25,com.fs.starfarer.api.impl.hullmods.ExpandedDeckCrew,"Reduz a taxa na qual a taxa de reposição de caças diminui devido a perdas de caças em %s e aumenta a taxa na qual ela se recupera em %s.

Aumenta a tripulação necessária em %s por baia de caças.","Improves fighter replacement rate, increases crew requirements.",,graphics/hullmods/expanded_deck_crew.png
Cargas Expandidas,magazines,1,,,"offensive, merc, standard",Weapons,2500,,,,3,5,7,10,data.hullmods.ExpandedMagazines,Aumenta a capacidade de munição ou o número de cargas para armas balísticas e de energia em %s.,Increases ammo/charges for ballistic and energy weapons.,Increases the ammo/charge regeneration rate for ballistic and energy weapons by %s.,graphics/hullmods/expanded_magazines2.png
Prateleiras de Mísseis Expandidas,missleracks,1,,,"offensive, merc, standard",Weapons,5000,,,,8,12,20,30,data.hullmods.ExpandedMissileRacks,Aumenta a capacidade de munição de armas de mísseis em %s.,Increases missile weapon ammo.,Reduces the rate of fire of missile weapons by %s.,graphics/hullmods/expanded_missile_racks.png
Escudos Estendidos,extendedshieldemitter,1,,,"shields, defensive, merc, standard",Shields,5000,,,,4,8,12,20,data.hullmods.ExtendedShieldEmitter,Aumenta a cobertura do escudo em %s graus.,Increases maximum shield arc.,Increases the shield's coverage by an additional %s degrees.,graphics/hullmods/extended_shields.png
Adjunto de Bobina de Fluxo,fluxcoil,0,,,"special, merc, standard",Special,4000,TRUE,,,4,8,12,20,data.hullmods.FluxCoilAdjunct,"Aumenta a capacidade de fluxo da nave em %s/%s/%s/%s, dependendo do tamanho do casco. Não é tão eficiente quanto capacitores de fluxo - mais útil quando adicionado a um projeto que já carrega o número máximo possível de capacitores.",Increases flux capacity.,"Increases flux capacity by a further %s/%s/%s/%s, making the coil as efficient as adding capacitors.",graphics/hullmods/flux_coil_adjunct.png
Distribuidor de Fluxo,fluxdistributor,0,,,"special, merc, standard",Special,4000,TRUE,,,4,8,12,20,data.hullmods.FluxDistributor,"Aumenta a dissipação de fluxo da nave em %s/%s/%s/%s, dependendo do tamanho do casco. Não é tão eficiente quanto respiradouros de fluxo - mais útil quando adicionado a um projeto que já carrega o número máximo possível de respiradouros.",Increases flux dissipation.,"Increases flux dissipation by a further %s/%s/%s/%s, making the distributor as efficient as adding vents.",graphics/hullmods/flux_distributor.png
,,,,,,,,,,,,,,,,,,,
Deriva de Escudos,shield_shunt,1,,,"special, shields, merc, standard","Special, Shields",3000,,,,3,5,7,10,com.fs.starfarer.api.impl.hullmods.ShieldShunt,"Remove os escudos da nave. Os nós do emissor externo são substituídos por placas reforçadas, aumentando a blindagem da nave em %s.","Removes shields, increases armor.",Increases the ship's armor by an additional %s.,graphics/hullmods/shield_shunt.png
Gerador de Escudo Improvisado,frontshield,0,,,"shields, defensive, standard",Shields,4000,,,,5,10,15,25,data.hullmods.FrontShieldGenerator,"Instala um gerador de escudo improvisado e ineficiente na nave. O emissor de escudo é travado em uma posição voltada para frente e tem um arco de %s graus.

O gerador de escudo consome grande parte de sua energia dos motores e reduz a velocidade máxima da nave em %s.",Installs basic shields on shieldless ship. Reduces top speed.,,graphics/hullmods/front_shield_generator.png
Carregador Automático de Mísseis,missile_autoloader,1,,,"offensive, merc, standard",Weapons,6000,,,,8,12,20,30,com.fs.starfarer.api.impl.hullmods.MissileAutoloader,<tooltip criado no script devido a seções/outra complexidade>,Reloads missile weapons in small missile mounts,Increases the post-reload cooldown to %s seconds.,graphics/hullmods/missile_autoloader.png
Escudos Reforçados,hardenedshieldemitter,3,,,"shields, defensive, merc, standard",Shields,10000,,,,5,10,15,25,data.hullmods.HardenedShieldEmitter,Reduz a quantidade de dano sofrido pelos escudos em %s. Também reduz a chance de os escudos serem perfurados por arcos de PEM de armas como o Feixe de Íons.,Reduces damage taken by shields.,,graphics/hullmods/hardened_shields.png
Subsistemas Reforçados,hardened_subsystems,0,,,"special, merc, standard",Special,2500,TRUE,,,5,10,15,25,data.hullmods.HardenedSubsystems,"Aumenta o tempo de operação máxima de naves que sofrem desempenho degradado por implantação prolongada em %s.

Também reduz a taxa de degradação da prontidão de combate em %s.","Increases peak time, CR degrades more slowly.",,graphics/hullmods/hardened_subsystems.png
Blindagem Pesada,heavyarmor,0,,,"defensive, merc, standard",Defenses,2500,,,,8,15,20,40,data.hullmods.HeavyArmor,"Aumenta a blindagem da nave em %s/%s/%s/%s pontos, dependendo do tamanho do casco.",Increases armor.,Reduces the ship's maneuverability by %s.,graphics/hullmods/heavy_armor.png
Amplificador de Dispersão Elevada,high_scatter_amp,3,,,"offensive, merc, standard",Weapons,5000,,,,4,8,12,20,com.fs.starfarer.api.impl.hullmods.HighScatterAmp,<tooltip criado no script devido a seções>,Reduces beam range; beams deal more damage and apply hard flux to shields.,Increases beam weapon damage by an additional %s.,graphics/hullmods/high_scatter_amp.png
IA Integrada de Defesa de Ponto,pointdefenseai,3,,,"defensive, merc, standard","Weapons, Defenses",10000,,,,3,6,9,15,data.hullmods.IntegratedPointDefenseAI,"Concede a todas as armas de defesa de ponto a capacidade de identificar — e ignorar — flares de isca. Além disso, todas as armas de defesa de ponto obtêm o melhor direcionamento possível de alvo, independentemente da prontidão de combate, e todo dano a mísseis é aumentado em %s.","PD ignores decoy flares, improved target leading, more damage to missiles.","All small non-missile, non-strike weapons are classified as ""point-defense"", automatically target missiles, and are affected by point-defense stat modifiers.",graphics/hullmods/integrated_point_defense_ai.png
#Point Defense Integration,pdintegration,3,,,"defensive, merc","Weapons, Defenses",10000,,,,12,15,18,24,com.fs.starfarer.api.impl.hullmods.PDIntegration,"Reduces the ordnance point cost of small point-defense weapons by %s. The cost reduction only affects weapons that have PD capability as a feature of the weapon itself, and not when it's gained through other means such as from a hullmod.

In addition, all point-defense weapons deal %s more damage to all targets.","Reduces ordnance point cost of small PD weapons, increases all PD damage.",,graphics/hullmods/integrated_point_defense_ai.png
Unidade de Aquisição de Alvos Integrada,targetingunit,3,,,"offensive, merc, standard",Weapons,10000,,,,4,8,15,25,data.hullmods.IntegratedTargetingUnit,"Estende o alcance de armas balísticas e de energia em %s/%s/%s/%s, dependendo do tamanho do casco. Não pode ser usado em conjunto com Núcleo de Aquisição Dedicado.

A maioria das naves de combate instala ou uma Unidade de Aquisição de Alvos Integrada ou um Núcleo de Aquisição Dedicado, com exceção de variantes mais especializadas.","Increases weapon range, more so for larger ships.",,graphics/hullmods/integrated_targeting_unit.png
Relé de Navegação,nav_relay,2,,,"engines, special, merc, standard","Engines, Support",5000,,,,10,15,20,25,com.fs.starfarer.api.impl.hullmods.NavRelay,"Quando implantado em combate, aumenta a classificação de navegação de sua frota em %s/%s/%s/%s, dependendo do tamanho do casco desta nave.

A classificação total de navegação de sua frota aumenta a velocidade máxima de suas naves implantadas.",Increases top speed of deployed ships.,,graphics/hullmods/nav_relay.png
Interface Neural,neural_interface,3,,,"special, no_drop, no_drop_salvage",Special,10000,,,,3,6,9,15,com.fs.starfarer.api.impl.hullmods.NeuralInterface,"Vincula a nave capitânea a outra nave, permitindo que ambas %s ao mesmo tempo. Assim como no ""transferência de comando"", alguns efeitos de habilidades — como aqueles que aumentam a capacidade de munição ou a prontidão de combate — não se aplicam à outra nave.

Também permite a troca rápida entre as naves vinculadas sem usar uma cápsula de transporte. A transferência é instantânea se os pontos de implantação combinados das naves forem %s ou menos. A nave de destino não deve estar sob o comando de um oficial ou de um núcleo de IA.","Allows rapid switching between ships, resets system cooldown and adds a charge.","Transfers from the ship are always instant, regardless of the deployment point total.",graphics/hullmods/neural_interface.png
Integrador Neural,neural_integrator,,,,"special, no_drop, no_drop_salvage",Special,10000,,,,3,6,9,15,com.fs.starfarer.api.impl.hullmods.NeuralIntegrator,"Uma versão aprimorada da Interface Neural que funciona com naves automatizadas, permitindo o controle direto de todos os sistemas da nave via vínculo e possibilitando que ambas %s ao mesmo tempo. Assim como no ""transferência de comando"", alguns efeitos de habilidades — como aqueles que aumentam a capacidade de munição ou a prontidão de combate — não se aplicam à outra nave.

Também permite a troca rápida entre as naves vinculadas sem usar uma cápsula de transporte. A transferência é instantânea se os pontos de implantação combinados das naves forem %s ou menos. A nave de destino não deve estar sob o comando de um oficial ou de um núcleo de IA.

A complexidade das modificações aumenta os pontos de implantação da nave e o custo de suprimentos para recuperação da implantação em %s.",Specialized Neural Interface for automated ships.,"Transfers from the ship are always instant, regardless of the deployment point total.",graphics/hullmods/neural_integrator.png
Conversão de Escudo - Frente,frontemitter,2,,,"shields, defensive, merc, standard",Shields,7000,,,,3,5,8,12,data.hullmods.FrontShieldEmitter,"Trava o emissor de escudo omnidirecional da nave em uma posição frontal e estende seu arco em %s. Assim como todos os emissores frontais, o escudo também será ativado duas vezes mais rápido.","Converts omni shield to front, extends arc.",Reduces the amount of damage taken by shields by %s.,graphics/hullmods/front_shield_emitter.png
Conversão de Escudo - Omnidirecional,adaptiveshields,3,,,"shields, defensive, merc, standard",Shields,7000,,,,3,5,8,12,data.hullmods.OmniShieldEmitter,Converte escudos frontais em omnidirecionais. Reduz o arco do escudo em %s.,"Converts front shield to omni, reduces arc.",Negates the shield arc penalty.,graphics/hullmods/omni_shield_emitter_mod.png
Centro de Operações,operations_center,1,,,special,Special,5000,,,,30,30,30,30,com.fs.starfarer.api.impl.hullmods.OperationsCenter,Aumenta a taxa de recuperação de pontos de comando em %s quando instalado na nave capitânea.,Increases command point recovery rate when on flagship.,,graphics/hullmods/operations_center.png
Âncora de Fase,phase_anchor,3,,,"phase, merc, no_build_in, standard, phase_brawler",Phase,7000,,,,10,20,30,50,com.fs.starfarer.api.impl.hullmods.PhaseAnchor,"Reduz o custo de ativação do manto de fase para %s. Aumenta a dissipação de fluxo dissipável e a taxa de recarga de armas em %s enquanto estiver em fase.

Ao sofrer dano crítico que destruiria ou incapacitaria a nave, é capaz de iniciar uma fuga de emergência para o p-espaço. A nave é considerada recuada e emergirá no espaço normal quando o combate terminar, sofrendo uma penalidade adicional de prontidão de combate igual a %s de seu custo de implantação. A nave deve ter prontidão de combate suficiente para cobrir esse custo para iniciar a fuga.

Devido às imensas distorções no p-espaço causadas por tal manobra, apenas uma nave por batalha - independentemente de qual lado estiver - é capaz de realizá-la.","Increases flux dissipation and weapon recharge while phased, emergency dive maneuver.",,graphics/hullmods/phase_anchor.png
Cápsulas de Recuperação,recovery_shuttles,1,,,"special, standard",Fighters,4000,,,,3,6,9,15,com.fs.starfarer.api.impl.hullmods.RecoveryShuttles,Reduz as baixas sofridas por pilotos de caças em %s.,Reduces fighter pilot casualties.,Increases the fighter pilot casualty reduction to %s.,graphics/hullmods/recovery_shuttles.png
Casco Reforçado,reinforcedhull,0,,,"defensive, merc, standard",Defenses,2500,TRUE,,,5,10,15,30,data.hullmods.ReinforcedBulkheads,"Aumenta a integridade do casco da nave em %s. Se desativado, a nave não se despedaçará e quase sempre poderá ser recuperada após a batalha.",Increases hull integrity; ship almost always recoverable if lost.,,graphics/hullmods/reinforced_bulkheads.png
Condutos de Fluxo Resistentes,fluxbreakers,2,,,"defensive, merc, standard","Special, Defenses",7000,,,,3,6,9,15,data.hullmods.FluxBreakers,Reduz o dano de PEM recebido de armas como Canhões de Íons em %s. Também aumenta a dissipação de fluxo da nave enquanto ventila em %s.,"Reduces EMP damage taken, improves venting speed.",Increases the flux dissipation rate while venting by a further %s.,graphics/hullmods/resistant_flux_conduits.png
Sobrescrita de Segurança,safetyoverrides,0,,,"special, engines, offensive, merc, no_build_in, standard","Special, Engines",2500,TRUE,,,15,30,45,70,data.hullmods.SafetyOverrides,"Desativar os protocolos de segurança aumenta a velocidade máxima da nave em combate em %s/%s/%s (dependendo do tamanho da nave, com aumento correspondente na aceleração) e permite que o impulso do motor de fluxo zero funcione independentemente do nível de fluxo. A taxa de dissipação de fluxo, incluindo a de respiradouros adicionais, é aumentada em um fator de %s.

Reduz o tempo de desempenho máximo em um fator de %s, impede o uso de ventilação ativa e reduz drasticamente os alcances das armas além de %s unidades.

Não pode ser instalado em naves civis ou capitais.","Drastic improvement in performance, much lower peak time.",,graphics/hullmods/safety_overrides.png
,,,,,,,,,,,,,,,,,,,
Escudos Estabilizados,stabilizedshieldemitter,1,,,"shields, defensive, merc, standard",Shields,5000,,,,3,6,9,15,data.hullmods.StabilizedShieldEmitter,Reduz a quantidade de fluxo dissipável gerado pelos escudos por segundo em %s. Não afeta o fluxo rígido gerado quando os escudos sofrem dano.,Reduces flux upkeep for shields.,Converts %s of the hard flux damage taken by shields to soft flux.,graphics/hullmods/stabilized_shields.png
,,,,,,,,,,,,,,,,,,,
Injetor Instável,unstable_injector,0,,,"engines, merc, standard",Engines,2500,TRUE,,,5,10,15,25,data.hullmods.UnstableInjector,"Aumenta a velocidade máxima da nave em combate em %s/%s/%s/%s su/segundo, dependendo do tamanho do casco.

Interfere no direcionamento das armas e outros sistemas vulneráveis, reduzindo o alcance de armas não-míssil em %s e aumentando o tempo de reposição de caças em %s.","Increases speed, reduces weapon range.",,graphics/hullmods/unstable_injector.png
,,,,,,,,,,,,,,,,,,,
,,,,,,,,,,,,,,,,,,,
,,,,,,,,,,,,,,,,,,,
# logistics hullmods,,,,,,,,,,,,,,,,,,,
Acomodações Adicionais,additional_berthing,0,,,"req_spaceport, merc, standard","Logistics, Requires Dock",3000,TRUE,,,5,10,15,25,com.fs.starfarer.api.impl.hullmods.AdditionalBerthing,"Aumenta a capacidade máxima de tripulação em %s/%s/%s/%s, dependendo do tamanho do casco, ou em %s, o que for maior.

Para cascos de grau civil, também aumenta o uso de suprimentos de manutenção em %s.",Increases crew capacity.,"Doubles the crew capacity increase and, for civilian hulls, negates the maintenance cost increase.",graphics/hullmods/berthing.png
Campo de Impulso Aumentado,augmentedengines,1,,,"req_spaceport, merc, standard","Logistics, Requires Dock",8000,,,,8,16,24,40,data.hullmods.AugmentedEngines,Aumenta o nível máximo de queima em %s.,Increases maximum burn level.,Increases maximum burn level by a further %s.,graphics/hullmods/augmented_drive_field2.png
Tanques de Combustível Auxiliares,auxiliary_fuel_tanks,0,,,"req_spaceport, merc, standard","Logistics, Requires Dock",4000,TRUE,,,5,10,15,25,com.fs.starfarer.api.impl.hullmods.AuxiliaryFuelTanks,"Aumenta a capacidade máxima de combustível em %s/%s/%s/%s, dependendo do tamanho do casco, ou em %s, o que for maior.

Para cascos de grau civil, também aumenta o uso de suprimentos de manutenção em %s.",Increases fuel capacity.,"Doubles the fuel capacity increase and, for civilian hulls, negates the maintenance cost increase.",graphics/hullmods/fuel_tanks.png
Revisão de Eficiência,efficiency_overhaul,0,,,"req_spaceport, merc, standard","Logistics, Requires Dock",4000,,,,3,6,9,15,com.fs.starfarer.api.impl.hullmods.EfficiencyOverhaul,"Reduz o uso de suprimentos para manutenção, combustível e tripulação mínima em %s.

Aumenta as taxas de recuperação e reparo de prontidão de combate em %s. O consumo diário de suprimentos para recuperação de PC é ajustado para considerar a taxa aumentada, mas o custo total de suprimentos permanece o mesmo.",Reduces ongoing costs and enables more deployments.,"Reduces maintenance cost, fuel use, and minimum crew requirement by a further %s.",graphics/hullmods/efficiency.png
Cargas Expandidas,expanded_cargo_holds,0,,,"req_spaceport, merc, standard","Logistics, Requires Dock",4000,TRUE,,,5,10,15,25,com.fs.starfarer.api.impl.hullmods.ExpandedCargoHolds,"Aumenta a capacidade máxima de carga em %s/%s/%s/%s, dependendo do tamanho do casco, ou em %s, o que for maior.

Para cascos de grau civil, também aumenta o uso de suprimentos de manutenção em %s.",Increases cargo capacity.,"Doubles the cargo capacity increase and, for civilian hulls, negates the maintenance cost increase.",graphics/hullmods/expanded_cargo.png
Sensores de Alta Resolução,hiressensors,2,,,"req_spaceport, merc, standard","Logistics, Requires Dock",9000,,,,4,6,9,15,com.fs.starfarer.api.impl.hullmods.HighResSensors,<Tooltip criado no script>,Increases fleet's sensor range.,"Increases the ship's in-combat vision range by %s/%s/%s/%s, based on hull size.",graphics/hullmods/high_res_sensors.png
Conjunto de Motor Isolado,insulatedengine,0,,,"engines, defensive, req_spaceport, merc, standard","Engines, Logistics, Defenses, Requires Dock",2500,,,,3,6,9,15,data.hullmods.InsulatedEngines,"Aumenta a durabilidade dos motores da nave em %s e a integridade do casco em %s.

O perfil de sensores da nave também é reduzido em %s.","Makes engines harder to disable, lowers sensor profile.","Increases engine durability by a further %s, and Increases the sensor profile reduction to %s.",graphics/hullmods/insulated_engine_assembly.png
Subsistemas Militarizados,militarized_subsystems,0,,,"req_spaceport, merc, standard","Special, Logistics, Requires Dock",6000,TRUE,,,4,8,12,20,com.fs.starfarer.api.impl.hullmods.MilitarizedSubsystems,"Remove as penalidades de um casco de grau civil e aumenta o nível de queima máximo em %s.

Aumenta a tripulação mínima necessária em %s.","Removes sensor penalties, increases maximum burn level, increases crew required.",Negates the increased crew requirements.,graphics/hullmods/militarized_subsystems.png
Blindagem Solar,solar_shielding,2,,,"defensive, req_spaceport, merc, standard","Defenses, Logistics, Requires Dock",5000,,,,3,6,9,15,data.hullmods.SolarShielding,"Desenvolvido originalmente por engenheiros do Diktat após lidar com as condições únicas do sistema interno de Askonia. Reduz o efeito que operar em uma coroa solar tem na prontidão de combate em %s; também tem o mesmo efeito contra tempestades no hiperespaço profundo.

Em combate, reduz o dano de energia recebido em %s.",Reduces effect of being in corona and energy damage taken.,Increases the protection from solar coronae and similar hazards to %s.,graphics/hullmods/solar_shielding2.png
Equipamento de Levantamento,surveying_equipment,1,,,"special, req_spaceport, standard","Logistics, Requires Dock",5000,,,,5,10,15,25,data.hullmods.SurveyingEquipment,"Reduz a maquinaria pesada e suprimentos necessários para realizar levantamentos em %s/%s/%s/%s, dependendo do tamanho do casco, até um mínimo de %s para cada um.",Reduces resource requirements for surveying.,Increases the survey cost reduction by %s.,graphics/hullmods/surveying_equipment.png
,,,,,,,,,,,,,,,,,,,
# standard built-in hullmods,,,,,,,,,,,,,,,,,,,
Núcleo Terminator,terminator_core,,,,,Weapons,,,TRUE,,0,0,0,0,com.fs.starfarer.api.impl.hullmods.TerminatorCore,"Concede a todas as armas de defesa de ponto a capacidade de identificar e ignorar flares de isca. Além disso, todas as armas obtêm o melhor direcionamento possível, independentemente da prontidão de combate; todo dano a mísseis e caças é aumentado em %s, e o alcance das armas de feixe é aumentado em %s unidades.",,,graphics/hullmods/terminator_core.png
Dissipador de Fluxo Compartilhado,shared_flux_sink,,,,,,,,TRUE,,0,0,0,0,com.fs.starfarer.api.impl.hullmods.SharedFluxSink,"Lida com %s da dissipação de fluxo de todos os módulos conectados. Se módulos forem perdidos durante a batalha, a dissipação extra de fluxo é redistribuída entre os módulos restantes. Até %s dessa dissipação extra se aplica ao fluxo rígido.",Flux/hard flux dissipation bonus as modules are lost.,,graphics/hullmods/shared_flux_sink.png
Campo Minado Stealth,stealth_minefield,,,,,,,,TRUE,,0,0,0,0,com.fs.starfarer.api.impl.hullmods.StealthMinefield,Minase atacam navios inimigos durante a batalha.,Mines attack enemy ships during battle.,,graphics/hullmods/stealth_mines.png
Campo Minado Stealth - Baixa Tecnologia,stealth_minefield_lt,,,,,,,,TRUE,,0,0,0,0,com.fs.starfarer.api.impl.hullmods.StealthMinefieldLT,Minase atacam navios inimigos durante a batalha.,Mines attack enemy ships during battle.,,graphics/hullmods/stealth_mines.png
Convés B,bdeck,,,,,,,,TRUE,,0,0,0,0,com.fs.starfarer.api.impl.hullmods.BDeck,"Uma vez por batalha, quando a taxa de reposição de caças atingir %s, os hangares de lançamento de caças são convertidos para operar a partir de um ""Convés B"".

Caças em espera são lançados para rapidamente restaurar as alas à força total, e a taxa de reposição de caças é ajustada para %s.",Launches fresh wing once per combat and replenishes the replacement rate.,,graphics/hullmods/bdeck.png
Armazenamento de Estruturas de Caças,chassis_storage,,,,,,,,TRUE,,0,0,0,0,com.fs.starfarer.api.impl.hullmods.FighterChassisStorage,A taxa de reposição de caças não diminui quando caças são perdidos.,Fighter replacement rate does not go down.,,graphics/hullmods/expanded_deck_crew.png
Escudo Sempre Ativo,shield_always_on,,,,,,,,TRUE,TRUE,0,0,0,0,com.fs.starfarer.api.impl.hullmods.ShieldAlwaysOn,,"Forces shield to stay on. Hidden, doesn't need description or icon.",,graphics/hullmods/hardened_shields.png
Autoforja de Mísseis,missile_reload,,,,codex_require_related,,,,TRUE,,0,0,0,0,com.fs.starfarer.api.impl.hullmods.PeriodicMissileReload,Uma autoforja dentro da nave recarrega periodicamente os carregadores de todas as armas de mísseis.,Periodically reloads all missile weapons.,,graphics/hullmods/expanded_missile_racks.png
Cargas Úteis Blindadas,shielded_holds,2,,,,,,,TRUE,,0,0,0,0,data.hullmods.ShieldedCargoHolds,"Comumente encontradas em naves que não podem sempre confiar nos escudos para proteger sua carga da radiação cósmica. Apenas alguns ajustes são necessários para que a blindagem confunda varreduras de carga de longo alcance, reduzindo a probabilidade de detecção de contrabando.",Improves chance to avoid detection of contraband.,,graphics/hullmods/shielded_cargo_hold.png
Gávea de Salvamento,repair_gantry,,,,,,,,TRUE,,0,0,0,0,com.fs.starfarer.api.impl.campaign.RepairGantry,"Aumenta os recursos obtidos ao resgatar estações abandonadas, destroços, cascos flutuantes e outros do tipo em %s/%s/%s/%s, dependendo do tamanho do casco. Afeta apenas a recuperação de recursos comuns como combustível e suprimentos, e não itens raros como plantas. Além disso, %s do bônus se aplica ao salvamento pós-batalha.",Increases resources gained from salvage.,,graphics/hullmods/repair_gantry.png
Campo de Fase,phasefield,,,,,,,,TRUE,,0,0,0,0,com.fs.starfarer.api.impl.hullmods.PhaseField,"A nave consegue manter um campo de fase de baixa qualidade por longos períodos, reduzindo seu perfil de sensores em %s.",Reduces fleetwide sensor profile.,,graphics/hullmods/phase_field.png
Desvio de Fluxo,fluxshunt,,,,,,,,TRUE,,0,0,0,0,data.hullmods.FluxShunt,Permite que a nave dissipe fluxo rígido a %s da taxa normal enquanto os escudos estiverem ativados.,Allows dissipation of hard flux while shields are up.,,graphics/hullmods/flux_shunt.png
Casco de Grau Civil,civgrade,,,,,,,,TRUE,,0,0,0,0,data.hullmods.CivGrade,Aumenta o perfil de sensores em %s. Reduz a força dos sensores em %s.,"Increases sensor profile, reduces sensor strength.",,graphics/hullmods/civilian_grade.png
Alta Manutenção,high_maintenance,,,,,,,,TRUE,,0,0,0,0,data.hullmods.HighMaintenance,Aumenta o custo mensal de manutenção de suprimentos em %s.,Increases maintenance cost.,,graphics/hullmods/high_maintenance.png
Coerente de Raio Energético,coherer,,,,,,,,TRUE,,0,0,0,0,com.fs.starfarer.api.impl.hullmods.EnergyBoltCoherer,<tooltip criado no script>,Increases base range of non-beam energy weapons.,,graphics/hullmods/coherer.png
Compromissos de Projeto,design_compromises,,,,,,,,TRUE,,0,0,0,0,com.fs.starfarer.api.impl.hullmods.DesignCompromises,"O desempenho da nave sofre com prioridades de projeto conflitantes, com múltiplos projetos de ponta integrados tarde demais no ciclo de desenvolvimento.

A dissipação e capacidade de fluxo da nave, mesmo os valores base nominais, são reduzidos em %s.

O alcance das armas balísticas é reduzido em %s, a taxa de disparo das armas de mísseis é reduzida em %s e a geração de fluxo das armas de energia é aumentada em %s.

Por outro lado, capacidade extra de nanoforja pode ser ativada com mais facilidade, permitindo a instalação de um %s apesar da nave já possuir uma baia de caças, aumentando o número de baias de caças operacionais para %s.","Reduces missile and ballistic weapon range, and flux dissipation / capacity.",,graphics/hullmods/design_compromises.png
,,,,,,,,,,,,,,,,,,,
,,,,,,,,,,,,,,,,,,,
,,,,,,,,,,,,,,,,,,,
Cabo de Reboque Monofilamento,tow_cable,,,,hide_in_codex,,,,TRUE,,0,0,0,0,com.fs.starfarer.api.impl.campaign.TowCable,"Melhora o nível de queima máximo da nave mais lenta da frota em 1. Múltiplos rebocadores não podem ser usados para acelerar a mesma nave em mais de 1.

Não pode ser usado em combate.",Increases burn level of another ship.,,graphics/hullmods/monofilament_cable.png
Estabilizador de Campo de Propulsão,drive_field_stabilizer,,,,,,,,TRUE,,0,0,0,0,com.fs.starfarer.api.impl.hullmods.DriveFieldStabilizer,"Estabiliza a bolha de propulsão da frota, aumentando o nível de queima máximo da frota em %s. O efeito de múltiplos estabilizadores é cumulativo.

Aumenta o perfil de sensores da nave em %s.",Reduces fleetwide fuel use.,,graphics/hullmods/augmented_drive_field.png
Pacote de Suporte Terrestre,ground_support,,,,,,,,TRUE,,0,0,0,0,com.fs.starfarer.api.impl.hullmods.GroundSupport,"Armas e contramedidas de apoio próximo para defesas terrestres. Aumenta a força efetiva de incursões planetárias em %s, até o número total de fuzileiros na frota.",Improves effectiveness of raids.,,graphics/hullmods/ground_support.png
Suporte Terrestre Avançado,advanced_ground_support,,,,,,,,TRUE,,0,0,0,0,com.fs.starfarer.api.impl.hullmods.AdvancedGroundSupport,"Armas e contramedidas de apoio próximo para defesas terrestres. Aumenta a força efetiva de incursões planetárias em %s, até o número total de fuzileiros na frota.",Improves effectiveness of raids.,,graphics/hullmods/ground_support_adv.png
Máquinas Delicadas,delicate,,,,,,,,TRUE,,0,0,0,0,data.hullmods.DelicateMachinery,"Os sistemas da nave exigem manutenção excessiva e não resistem bem às rigorosas condições de engajamentos prolongados.

Aumenta a taxa de decaimento de PC em combate após o término do tempo de desempenho máximo em %s.",Increases CR decay rate after peak time runs out.,,graphics/hullmods/delicate_machinery.png
Integração Pesada de Balística,hbi,,,,,,,,TRUE,,0,0,0,0,com.fs.starfarer.api.impl.hullmods.HeavyBallisticsIntegration,Reduz o custo de pontos de armamento de armas balísticas grandes em %s.,Reduces ordnance point cost of large ballistic weapons.,,graphics/hullmods/ballistics_integration.png
Hangar Vastos,vast_hangar,,,,,,,,TRUE,,0,0,0,0,com.fs.starfarer.api.impl.hullmods.VastHangar,"A nave possui um enorme hangar e uma frota de apoio proporcionalmente pequena.

O número de baias de caças adicionado pelo Hangar Convertido é aumentado em %s, e seu desempenho é equivalente ao de uma baia de caças dedicada — todas as penalidades e modificadores, incluindo aqueles ao custo de implantação da nave, são anulados.",Increases the effect of Converted Hangar and removes its penalties.,,graphics/hullmods/vast_hangar.png
Construção Resistente,rugged,,,,,,,,TRUE,,0,0,0,0,com.fs.starfarer.api.impl.hullmods.RuggedConstruction,"Reduz a maioria dos efeitos negativos dos defeitos de fabricação em %s. Se desativado ou destruído em combate, a nave tem %s de chance de evitar novos defeitos de fabricação e quase sempre é recuperável após a batalha.

Além disso, o custo de suprimentos para recuperação pós-implantação — e para reparos se a nave for desativada — é reduzido em %s.",Reduces impact of d-mods; ship almost always recoverable if lost.,,graphics/hullmods/rugged_construction.png
Nave Automatizada,automated,,,,codex_require_related,,,,TRUE,,0,0,0,0,com.fs.starfarer.api.impl.hullmods.Automated,Esta nave é totalmente automatizada e não requer — nem pode ter — tripulação humana.,Does not require and can not support crew.,,graphics/hullmods/automated.png
Núcleo de Acionamento Avançado,advancedcore,,,,,,,,TRUE,,0,0,0,0,data.hullmods.AdvancedTargetingCore,"Estende o alcance de armas balísticas e de energia em %s. O alcance das armas de defesa de ponto é estendido em apenas %s.

Impede a instalação de um Núcleo de Acionamento Dedicado ou de uma Unidade de Acionamento Integrada.",Greatly extends non-missile weapon range.,,graphics/hullmods/advanced_targeting_core.png
Supercomputador de Acionamento,supercomputer,,,,,,,,TRUE,,0,0,0,0,data.hullmods.TargetingSupercomputer,"Estende o alcance de armas balísticas e de energia em %s. O alcance das armas de defesa de ponto é estendido em apenas %s.

Também aumenta a precisão de mira e amplia significativamente o alcance dos sensores em combate.",Greatly extends non-missile weapon range.,,graphics/hullmods/targeting_supercomputer.png
Bobinas de Fase Experimentais,ex_phase_coils,,,,codex_require_related,,,,TRUE,,0,0,0,0,com.fs.starfarer.api.impl.hullmods.ExperimentalPhaseCoils,Reduz o tempo de recarga do manto de fase em %s.,Greatly reduces phase cloak cooldown.,,graphics/hullmods/phase_coils_experimental.png
Atrator de Alta Volição,high_frequency_attractor,,,,codex_require_related,,,,TRUE,,0,0,0,0,com.fs.starfarer.api.combat.BaseHullMod,Uma modificação experimental que permite que partículas de alta frequência sejam distorcidas pelo núcleo de ruptura a bordo da nave.,Launches more powerful high-frequency motes.,,graphics/hullmods/high_volition_attractor.png
Blindagem Ablativa,ablative_armor,,,,,,,,TRUE,,0,0,0,0,com.fs.starfarer.api.impl.hullmods.AblativeArmor,"Um projeto antigo destinado a deter micrometeoritos pela simples quantidade de material, antes do advento da blindagem ""espacial"".

Reduz a resistência efetiva da blindagem para o cálculo de redução de dano a %s de seu valor real. No entanto, naves com esse projeto costumam carregar blindagens extremamente pesadas.",Reduces damage reduction by armor.,,graphics/hullmods/ablative_armor.png
Controle de Tiro Distribuído,distributed_fire_control,,,,,,,,TRUE,,0,0,0,0,com.fs.starfarer.api.impl.hullmods.DistributedFireControl,"Grande parte dos danos que tiram armas de operação são causados a cabos de controle externos e condutos de energia. As armas desta nave são projetadas para operar de forma mais independente, reduzindo sua exposição a danos em %s e diminuindo o dano de PEM sofrido pela nave como um todo em %s.",Increases weapon durability and reduces EMP damage taken.,,graphics/hullmods/distributed_fire_control2.png
Porão de Carga Convertido,converted_bay,1,,,,,,,TRUE,,0,0,0,0,data.hullmods.ConvertedCargoBay,"O porão de carga desta nave foi convertido para abrigar um par de baias de caças. A fábrica improvisada que produz chassis de caças é pouco confiável, e a maioria dos componentes tem defeitos menores. A velocidade dos caças é reduzida em %s, e o dano sofrido é aumentado em %s.",Pair of improvised fighter bays.,,graphics/hullmods/converted_hangar.png
Modificações Especiais,andrada_mods,,,,"dmod, codex_require_related",,,,TRUE,,0,0,0,0,com.fs.starfarer.api.impl.hullmods.AndradaMods,"Durante a inspeção de um protótipo inicial, ouviu-se o Supremo Executor fazer comentários desfavoráveis sobre condutos expostos ao longo dos corredores e o perigo que estes representam para a brava e leal tripulação em condições de combate.

O novo engenheiro-chefe, um oficial leal nomeado pelo próprio Supremo Executor, instruiu os programadores da forja a fazer adaptações para a instalação de painéis isolantes à prova de explosão produzidos pela própria Sindria.

Se os corredores são um pouco mais estreitos, os condutos propensos a superaquecimento e os painéis embutidos um tanto difíceis de acessar, os relatórios oficiais de prontidão não incluem críticas às mudanças. Todos concordam, tanto em público quanto — como o Ministério de Segurança Interna pode atestar — em particular, que a grandiosidade austera da frota Guarda-Leão é de tirar o fôlego.

As baixas de tripulação em combate aumentam em %s. A taxa base de dissipação de fluxo é reduzida em %s, e a taxa de reparo de armas e motores desativados é reduzida em %s.",Reduces the ship's performance.,,graphics/hullmods/special_modifications.png
Volume Colossal,vastbulk,,,,,,,,TRUE,,0,0,0,0,data.hullmods.VastBulk,"O corpo principal desta estrutura é vasto e, na prática, capaz de absorver qualquer quantidade de dano de armas convencionais sem ser destruído.",,,graphics/hullmods/vast_bulk.png
Rotação Axial,axialrotation,,,,,,,,TRUE,,0,0,0,0,data.hullmods.AxialRotation,Esta estrutura gira constantemente em torno de seu eixo.,,,graphics/hullmods/axial_rotation.png
Rotação do Âncora,anchorrotation,,,,,,,,TRUE,TRUE,0,0,0,0,data.hullmods.AnchorRotation,Esta estrutura gira em torno do ponto de fixação do âncora. Apenas para módulos de estações.,,,graphics/hullmods/axial_rotation.png
Explosão Reduzida,reduced_explosion,,,,,,,,TRUE,TRUE,0,0,0,0,data.hullmods.ReducedExplosion,Reduz o raio e o dano da explosão.,,,graphics/hullmods/reduced_explosion.png
Sempre se Desprende,always_detaches,,,,,,,,TRUE,TRUE,0,0,0,0,data.hullmods.AlwaysDetaches,Sempre se desprende da estrutura principal quando destruído.,,,graphics/hullmods/detach_always.png
Nunca se Desprende,never_detaches,,,,,,,,TRUE,TRUE,0,0,0,0,data.hullmods.NeverDetaches,Nunca se desprende da estrutura principal quando destruído.,,,graphics/hullmods/detach_never.png
Sem Fluxo de Armas,no_weapon_flux,,,,,,,,TRUE,TRUE,0,0,0,0,data.hullmods.NoWeaponFlux,O disparo das armas não consome fluxo. Usado em caças para controle fino dos pontos de vida efetivos do escudo.,,,
Não Disparar Através,do_not_fire_through,,,,,,,,TRUE,TRUE,0,0,0,0,data.hullmods.DoNotFireThrough,"As armas em outros módulos de uma estação evitarão disparar através deste módulo, mesmo que os projéteis passem por cima e não o atinjam.",,,
Gerador de Fragmentos,shard_spawner,,,,,,,,TRUE,TRUE,0,0,0,0,com.fs.starfarer.api.impl.hullmods.ShardSpawner,Gera navios fragmentados quando a nave é desativada/destruída.,,,
Não Recuar,do_not_back_off,,,,,,,,TRUE,TRUE,0,0,0,0,com.fs.starfarer.api.impl.hullmods.DoNotBackOff,Define a bandeira de IA NÃO_RECUAR.,,,
,,,,,,,,,,,,,,,,,,,
# threat stuff,,,,,,,,,,,,,,,,,,,
Casco de Ameaça,threat_hullmod,,,,"codex_require_related, threat",,,,TRUE,,0,0,0,0,com.fs.starfarer.api.impl.combat.threat.ThreatHullmod,Modificação de casco oculta para gerenciar as propriedades especiais dos navios de Ameaça. Descrição criada no script.,,,graphics/hullmods/the_threat.png
Enxame de Fragmentos,fragment_swarm,,,,"codex_unlockable, fragment, no_drop_salvage","Weapons, Special",30000,,,,6,12,18,30,com.fs.starfarer.api.impl.combat.threat.FragmentSwarmHullmod,"Um enxame de fragmentos de Ameaça agita-se ao redor da nave, fornecendo um suprimento regenerativo de fragmentos para armas baseadas em fragmentos.

O número base de fragmentos é de %s/%s/%s/%s, e fragmentos de reposição são lançados %s/%s/%s/%s vezes por segundo, dependendo do tamanho do casco.

Esta modificação de casco é necessária para o funcionamento das armas de fragmentos; se a modificação não estiver presente ou não houver fragmentos suficientes no enxame, as armas de fragmentos serão desativadas.",A swarm of Threat fragments roils around the ship.,Reduces maximum combat readiness by %s and increases the maintenance cost by %s.,graphics/hullmods/fragment_swarm.png
Fabricador Secundário,secondary_fabricator,,,,"codex_unlockable, fragment, no_drop_salvage","Weapons, Special",20000,,,,3,6,9,15,com.fs.starfarer.api.impl.combat.threat.SecondaryFabricatorHullmod,Aumenta a taxa de lançamento de fragmentos de reposição em %s.,Increases the fragment replacement rate.,Increases the fragment replacement rate by a further %s.,graphics/hullmods/secondary_fabricator.png
Coordenador de Fragmentos,fragment_coordinator,,,,"codex_unlockable, fragment, no_drop_salvage","Weapons, Special",15000,,,,3,6,9,15,com.fs.starfarer.api.impl.combat.threat.FragmentCoordinatorHullmod,Aumenta o número máximo de fragmentos no enxame de fragmentos da nave em %s.,Increases the size of the fragment swarm around the ship.,Increases the size of the fragment swarm by a further %s.,graphics/hullmods/fragment_coordinator.png
,,,,,,,,,,,,,,,,,,,
# shrouded dweller stuff,,,,,,,,,,,,,,,,,,,
Modificação de Hull Dweller,dweller_hullmod,,,,dweller,,,,TRUE,TRUE,0,0,0,0,com.fs.starfarer.api.impl.combat.dweller.DwellerHullmod,Adiciona visuais e mecânicas personalizadas do Habitante Escondido. Não visível ao jogador.,,,
Manto Escondido,shrouded_mantle,,,,"codex_unlockable, shrouded, no_drop_salvage",Special,,,,,3,6,9,15,com.fs.starfarer.api.impl.combat.dweller.ShroudedMantleHullmod,"A nave tentará (esperançosamente) recuar da ameaça ao sofrer danos substanciais no casco.

Aumento de %s no número de baixas na tripulação em combate.",The ship recoils away from damage.,The ship benefits from %s of the healing provided by Hungering Rift.,graphics/hullmods/shrouded_mantle.png
Trovão Escondido,shrouded_thunderhead,,,,"codex_unlockable, shrouded, no_drop_salvage","Weapons, Special",,,,,5,10,15,25,com.fs.starfarer.api.impl.combat.dweller.ShroudedThunderheadHullmod,<criado por script>,The ship fires Rift Lightning bolts at recent targets of its weapons.,,graphics/hullmods/shrouded_thunderhead.png
Lente Escondida,shrouded_lens,,,,"codex_unlockable, shrouded, no_drop_salvage",Special,,,,,3,6,9,15,com.fs.starfarer.api.impl.combat.dweller.ShroudedLensHullmod,<criado por script>,"The Lens automatically focuses on nearby targets, dealing damage in an area.",,graphics/hullmods/shrouded_lens.png
,,,,,,,,,,,,,,,,,,,
# ship skin buffs,,,,,,,,,,,,,,,,,,,
Décimo-Quarto Grupo de Batalha,fourteenth,,,,,,,,TRUE,,0,0,0,0,data.hullmods.Fourteenth,"Esta nave é uma sobrevivente do original Décimo-Quarto Grupo de Batalha do Domínio, que fundou a Hegemonia. É um exemplar primoroso da doutrina de ""batalha decisiva"" da Marinha do Domínio, especialmente evidenciada por uma série de modificações estruturais radicais (realizadas com métodos pré-Colapso) que permitem a instalação de placas de blindagem mais pesadas com um aumento direto de %s unidades padrão, com apenas %s de redução na velocidade e manobrabilidade. Sistemas de energia excepcionalmente ajustados aumentam o fluxo e a capacidade de dissipação em %s em comparação a exemplares padrão deste casco.",,,graphics/hullmods/fourteenth.png
Auxiliar Militarizado da Hegemonia,heg_militarized,,,,hide_in_codex,,,,TRUE,,0,0,0,0,data.hullmods.Militarized,"Esta nave — ou já foi — listada como auxiliar da Hegemonia. Kits de superblindagem aplicados em estaleiros navais da Hegemonia resultam em nenhuma perda de desempenho por um aumento de %s/%s/%s/%s na resistência da blindagem, dependendo do tamanho do casco. Sistemas de energia principais foram atualizados para padrões militares, resultando em uma melhora de %s no manuseio geral, aumento de %s na capacidade de fluxo, aumento de %s na dissipação de fluxo e um aumento de %s no nível máximo de queima.",,,graphics/hullmods/militarized_hegemony_auxiliary.png
,,,,,,,,,,,,,,,,,,,
,,,,,,,,,,,,,,,,,,,
# permanent ship debuffs,,,,,,,,,,,,,,,,,,,
Blindagem Comprometida,comp_armor,,,,"dmod, damage, damageStruct",,,,TRUE,,0,0,0,0,data.hullmods.CompromisedArmor,"A blindagem desta nave sofreu danos graves e irreparáveis em algum momento no passado, ou erros significativos no processo de fabricação. Redução de %s na classificação de blindagem.

Custo de suprimentos para recuperação após o desdobramento reduzido em %s.",,,graphics/hullmods/compromised_armor.png
Casco Comprometido,comp_hull,,,,"dmod, damage, damageStruct",,,,TRUE,,0,0,0,0,data.hullmods.CompromisedHull,"O casco desta nave sofreu danos graves e irreparáveis em algum momento no passado, ou erros significativos no processo de fabricação. Redução de %s na integridade do casco.

Custo de suprimentos para recuperação após o desdobramento reduzido em %s.",,,graphics/hullmods/compromised_hull.png
Motores Degradados,degraded_engines,,,,"dmod, damage",,,,TRUE,,0,0,0,0,data.hullmods.DegradedEngines,"Seja por danos de batalha, defeitos de fabricação ou ciclos de manutenção precária, os motores desta nave sofrem com desempenho de combate permanentemente degradado.

Redução de %s na velocidade máxima e manobrabilidade em combate.

Custo de suprimentos para recuperação após o desdobramento reduzido em %s.",,,graphics/hullmods/degraded_engines.png
Campo de Impulsão Degradado,degraded_drive_field,,,,"dmod, damage, civOnly",,,,TRUE,,0,0,0,0,data.hullmods.DegradedDriveField,"Seja por danos de batalha, defeitos de fabricação ou ciclos de manutenção precária, o campo de impulsão desta nave sofre com desempenho permanentemente degradado.

Nível máximo de queima reduzido em %s. Perfil de sensores aumentado em %s.

Custo de suprimentos para recuperação após o desdobramento reduzido em %s.",,,graphics/hullmods/degraded_drivefield.png
Rede Elétrica Defeituosa,faulty_grid,,,,"dmod, damage",,,,TRUE,,0,0,0,0,data.hullmods.FaultyPowerGrid,"Seja por danos de batalha, defeitos de fabricação ou ciclos de manutenção precária, a rede elétrica desta nave nunca será capaz de atingir o desempenho ideal.

Capacidade de fluxo reduzida em %s. Taxa de dissipação de fluxo reduzida em %s. Perfil de sensores aumentado em %s.

Custo de suprimentos para recuperação após o desdobramento reduzido em %s.",,,graphics/hullmods/faulty_power_grid.png
Instabilidade na Bobina de Fase,unstable_coils,,,,"dmod, phaseDamage",,,,TRUE,,0,0,0,0,data.hullmods.PhaseCoilInstability,"As bobinas de fase desta nave são impossíveis de calibrar adequadamente devido a defeitos sutis. Reduz o bônus de tempo de fase em %s, reduz o tempo de desempenho máximo em %s e aumenta a taxa na qual a prontidão de combate se degrada em %s.

Custo de suprimentos para recuperação após o desdobramento reduzido em %s.",,,graphics/hullmods/phase_coil_instability.png
Danos Estruturais,comp_structure,,,,"dmod, damageStruct, destroyedDamageAlways",,,,TRUE,,0,0,0,0,com.fs.starfarer.api.impl.hullmods.CompromisedStructure,"O casco desta nave provavelmente sofreu danos extremos no passado, possivelmente ao ponto de se partir. Redução de %s na classificação de blindagem, redução de %s na integridade do casco.

Custo de suprimentos para recuperação após o desdobramento reduzido em %s.",,,graphics/hullmods/structural_damage.png
Matriz de Sensores Defeituosa,glitched_sensors,,,,"dmod, damage",,,,TRUE,,0,0,0,0,com.fs.starfarer.api.impl.hullmods.GlitchedSensorArray,"A matriz de sensores da nave está danificada além de qualquer reparo que não seja uma reforma completa do casco. O alcance das armas em combate é reduzido em %s. A força dos sensores é reduzida em %s.

O custo de suprimentos para recuperação após o combate é reduzido em %s.",,,graphics/hullmods/glitched_sensor_array.png
Comunicações Defeituosas,malfunctioning_comms,,,,"dmod, fighterBayDamage",,,,TRUE,,0,0,0,0,com.fs.starfarer.api.impl.hullmods.MalfunctioningComms,"O sistema de comunicações sofreu danos graves, tornando ainda mais desafiador superar as interferências de batalha. O alcance de engajamento dos caças é reduzido em %s.

O custo de suprimentos para recuperação após o combate é reduzido em %s.",,,graphics/hullmods/malfunctioning_comms.png
Manufatura Defeituosa,defective_manufactory,,,,"dmod, fighterBayDamage",,,,TRUE,,0,0,0,0,com.fs.starfarer.api.impl.hullmods.DefectiveManufactory,"A manufatura que produz chassis de caças está instável, e a maioria dos componentes tem defeitos menores. A velocidade dos caças é reduzida em %s, e o dano recebido é aumentado em %s.

O custo de suprimentos para recuperação após o combate é reduzido em %s.",,,graphics/hullmods/defective_manufactory.png
Hangar Danificado,damaged_deck,,,,"dmod, fighterBayDamage",,,,TRUE,,0,0,0,0,com.fs.starfarer.api.impl.hullmods.DamagedFlightDeck,"Os hangares desta nave sofreram danos graves e interferem seriamente na operação normal. O tempo para lançar caças de reposição é aumentado em %s.

O custo de suprimentos para recuperação após o combate é reduzido em %s.",,,graphics/hullmods/damaged_flight_deck.png
Subsistemas Instáveis,fragile_subsystems,,,,"dmod, damage, peak_time, notPhase",,,,TRUE,,0,0,0,0,com.fs.starfarer.api.impl.hullmods.FragileSubsystems,"A perda generalizada de componentes redundantes reduz o tempo de operação máxima em %s e aumenta a taxa de degradação da prontidão de combate em %s.

O custo de suprimentos para recuperação após o combate é reduzido em %s.",,,graphics/hullmods/fragile_subsystems.png
Armazenamento Comprometido,comp_storage,,,,"dmod, damage, civOnly",,,,TRUE,,0,0,0,0,com.fs.starfarer.api.impl.hullmods.CompromisedStorage,"A capacidade de armazenamento desta nave está significativamente degradada. A capacidade de tripulação, carga e combustível é reduzida em %s.

O custo de suprimentos para recuperação após o combate é reduzido em %s.",,,graphics/hullmods/compromised_storage.png
Manutenção Aumentada,increased_maintenance,,,,"dmod, damage, civ, notAuto",,,,TRUE,,0,0,0,0,com.fs.starfarer.api.impl.hullmods.IncreasedMaintenance,"Aumenta o custo mensal de manutenção em suprimentos em %s. Aumenta a tripulação mínima necessária em %s. Reduz a prontidão de combate máxima em %s.

O custo de suprimentos para recuperação após o combate é reduzido em %s.","Increases maintenance cost and crew requirements, decreases maximum combat readiness.",,graphics/hullmods/increased_maintenance.png
Injetor de Combustível Irregular,erratic_injector,,,,"dmod, damage, civ",,,,TRUE,,0,0,0,0,com.fs.starfarer.api.impl.hullmods.ErraticInjector,"Aumenta o uso de combustível em %s e reduz o impulso de fluxo zero em %s su/segundo.

O custo de suprimentos para recuperação após o combate é reduzido em %s.",Increases fuel use and decreases the zero-flux boost.,,graphics/hullmods/erratic_injector.png
Sistemas Automatizados Defeituosos,faulty_auto,,,,"dmod, damage, notAuto",,,,TRUE,,0,0,0,0,com.fs.starfarer.api.impl.hullmods.FaultyAutomatedSystems,"Aumenta a tripulação mínima necessária em %s e reduz a prontidão de combate máxima em %s.

O custo de suprimentos para recuperação após o combate é reduzido em %s.","Increases minimum crew required, decreases maximum combat readiness.",,graphics/hullmods/faulty_automated_systems.png
Montagens de Armas Danificadas,damaged_mounts,,,,"dmod, damage",,,,TRUE,,0,0,0,0,com.fs.starfarer.api.impl.hullmods.DamagedWeaponMounts,"Reduz a taxa de giro das armas em %s e aumenta o recuo em %s.

O custo de suprimentos para recuperação após o combate é reduzido em %s.",Reduces weapon turn rate and increases recoil.,,graphics/hullmods/damaged_weapon_mounts.png
Suporte de Vida Degradado,degraded_life_support,,,,"dmod, damage, notAuto",,,,TRUE,,0,0,0,0,com.fs.starfarer.api.impl.hullmods.DegradedLifeSupport,"Reduz a capacidade máxima de tripulação em %s e a prontidão de combate máxima em %s.

O custo de suprimentos para recuperação após o combate é reduzido em %s.",Decreases maximum crew capacity and combat readiness.,,graphics/hullmods/degraded_life_support.png
Escudos Degradados,degraded_shields,,,,"dmod, damage, reqShields",,,,TRUE,,0,0,0,0,com.fs.starfarer.api.impl.hullmods.DegradedShields,"Aumenta a quantidade de dano recebido pelos escudos em %s.

O custo de suprimentos para recuperação após o combate é reduzido em %s.",Increases damage taken by shields.,,graphics/hullmods/degraded_shields.png
,,,,,,,,,,,,,,,,,,,
Montagens de Armas Destruídas,destroyed_mounts,,,,dmod,,,,TRUE,,0,0,0,0,data.hullmods.DestroyedWeaponMounts,Alguns dos mounts de armas originais desta nave foram danificados além do reparo e não podem mais ser usados.,,,graphics/hullmods/damaged_weapon_mounts.png
Modificações Arriscadas,ill_advised,,,,dmod,,,,TRUE,,0,0,0,0,data.hullmods.IllAdvised,"Os sistemas desta nave foram drasticamente modificados em relação às especificações, provavelmente sem supervisão de engenharia certificada. Os sistemas parecem funcionar corretamente em condições normais, mas têm uma chance significativa de falha crítica quando submetidos a estresse.",,,graphics/hullmods/illadvised.png
